0,0,0,0,Francisco Galvan Diaz,23 February 1977,289,17551.27348379177,True
19569.189849939576,False,María Loreto Cruz,20098.6481446658,False,Aitor Elías Gabriel,False,Rolando Trinidad Hernando,31 May 1942,667,True,Fabricio Calisto Pedro,12 July 1973,196,Celso Elías Rómulo,01 July 1930,54,26622.061121825056,False
True,Ale José Cande,09 May 1952,305,Candelario Rosendo Matías,02 January 1897,368,-8531.836599262651,False
6935.406212884052,True,Guadalupe Montes Ruiz,3690.1362475239675,False,Eva Morales Ubario,True,Octavio Toribio Leopoldo,17 October 1904,762,16589.459679432413,True,Eustaquio Paulino Maximino,Rodrigo Salvador Graciano,09 February 1996,541,-8108.045129006629,False
Amado Teodosio Ramón,15 February 1889,911,9295.535302316883,False
-1445.6492720141687,True,Laura Ferrer Ruiz,False,Odalis Trinidad José,10 January 1939,630,False,Anacleto Rafael Cayetano,09 March 1917,555,Araceli Becerra Constantino,29 January 1982,268,17338.458459706588,False
False,Martin Oscar Rodriguez Mariles,04 September 1996,55,True,Bernardo Benjamín Vicente,25 September 1936,-295,True,Oscar Martinez Lopez,03 November 1993,240,True,Martin Oscar Rodriguez Mariles,18 May 1920,119,Diana Salcedo Montes,03 December 1902,0,21922.48457118119,False
28096.642920689686,False,Aitor Elías Gabriel,14539.38298330415,False,Saúl Mario Óscar,14636.651582295137,True,Fabricio Calisto Pedro,Sebastian Hernandez Pedraza,10 February 1936,7,26703.400216350426,True
-8316.172287747533,False,Ricardo Hernandez Ferrer,False,María Guadalupe José,21 May 1938,490,-4203.715116573648,False,Trinidad Guadalupe Odalis,-3147.0003709099356,False,Guadalupe Trinidad Lupe,4788.69994863393,True,Emigdio Carlos Lázaro,Vasco Borja Anastasio,14 February 1887,670,9716.547668317256,False
-1119.3065034360789,True,Odalis Trinidad José,Luis Montes Martinez,29 April 1970,941,-5522.269405942501,False
4440.6735704515795,True,Brian De Jesus Galvan,12018.067322230945,True,Adalberto Paulino Baltasar,19492.509100946994,True,José Lupe Loreto,False,Adalberto Paulino Baltasar,10 July 1911,871,20519.857142622997,True,Dimas Virgilio Ciriaco,Amado Teodosio Ramón,28 August 1913,-184,20383.952680585877,False
28351.698903007433,True,Porfirio Emigdio Aníbal,Vito Pablo Patricio,18 January 1914,162,973.9473458102311,False
Faustino Galo Eladio,09 December 1898,703,5065.925790876257,True
Luis Montes Martinez,30 June 1928,-240,23824.17369811124,True
False,Raúl Dionisio Leoncio,20 May 1986,748,22819.905522703666,True,Porfirio Emigdio Aníbal,Isaac Adrián Cristian,22 January 1924,686,29701.051981114717,True
False,Santos Cruz Adolfo,29 May 1960,732,2917.7349123543954,True,Faustino Galo Eladio,Rosa Imelda Aranda Marquez,14 May 1880,-234,18785.397719700213,True
8072.8653686131765,True,Israel Lopez Vera,Luis Montes Martinez,14 January 1992,990,21393.481398728098,True
Diana Salcedo Montes,04 October 1899,115,-1234.8007455380775,True
Agustín Severino Raymundo,10 March 1970,846,15166.753448438674,False
Candelario Rosendo Matías,10 June 1953,511,8610.294704315194,False
True,Oscar Martinez Lopez,28 June 1911,64,5642.030844016745,False,Adalberto Paulino Baltasar,-1826.056159404281,False,Estefania Sanchez Diaz,Odalis Trinidad José,10 November 1910,349,-6530.560378715404,True
21110.87909067035,False,Octavio Toribio Leopoldo,6693.734316049966,True,Celso Elías Rómulo,12519.481205339362,False,Sandra Vieryra Martinez,True,Laura Ferrer Ruiz,10 October 1927,-300,1023.3737920055974,False,Eduardo Fernanddez Pacual,False,Israel Lopez Vera,10 July 1881,283,Jose Alcides Florentino,23 July 1916,981,-1519.393797345212,True
True,Aitor Elías Gabriel,15 June 1975,-244,Guadalupe Trinidad Lupe,22 April 1913,939,-2497.880094694733,True
-5895.956802203735,True,María Guadalupe José,Guadalupe Trinidad Lupe,03 August 1935,112,23142.019402614766,False
José Lupe Loreto,13 November 1887,185,27999.01394604808,False
Baldomero Evaristo Noé,07 February 1929,819,6083.9866618408105,False
-8230.50269012887,False,Dimas Virgilio Ciriaco,29642.944697641564,True,Armando Sanchez Ruiz,False,Eutropio Abel Melchor,12 May 1930,-201,7090.226176028591,True,Olegario Severo Pedro,Cornelio Nicolás Clímaco,25 November 1881,-241,15695.280917630142,False
True,Cayetano Alfonso Lino,30 April 2000,57,True,Artemio Quirino Cristóbal,05 August 1897,960,3953.6065334491523,True,Onofre Atilio Silvestre,Candelario Rosendo Matías,22 January 1930,959,28185.98538611378,False
False,Ricardo Hernandez Ferrer,05 February 1949,460,True,Laura Ferrer Ruiz,16 September 1998,323,-2053.565054047035,False,Salomón Ulises Francisco,False,Bernardo Benjamín Vicente,10 March 1911,506,Teófilo Natalio Haroldo,29 August 1907,532,4907.943498411434,False
-4424.143620279857,True,Victor Sanchez Lopez,-9393.64466485673,False,Eutropio Abel Melchor,Martin Oscar Rodriguez Mariles,11 December 1899,984,-9277.18578520667,True
25879.265679696473,False,Diana Salcedo Montes,-6101.144432283658,False,Odalis Trinidad José,Adalberto Paulino Baltasar,07 March 1953,111,10150.695972773272,True
Graciela Salazar Guzman,18 March 1973,-181,13498.856541265748,True
7794.368218885189,True,Guadalupe Montes Ruiz,Sandra Vieryra Martinez,31 January 1945,904,-1209.3739809393173,True
False,Guadalupe Montes Ruiz,22 November 1989,574,Lucio Demetrio Damián,21 February 1982,-29,13816.392905993136,False
False,Emigdio Carlos Lázaro,03 October 1947,222,944.8288683565806,False,Francisco Galvan Diaz,2836.7684071618933,False,Victor Sanchez Lopez,True,José Lupe Loreto,25 August 1938,123,False,Odalis Cande Ale,09 November 1924,-5,Rosa Imelda Aranda Marquez,27 July 1973,314,-5037.062702596642,False
True,Ana De la Vega Lopez,02 April 1923,923,False,Odalis Cande Ale,27 May 1920,-232,14434.620449533355,False,Sebastian Hernandez Pedraza,Noé Gervasio Vito,29 June 2000,-179,14238.622732081265,False
23421.365272773757,False,Vasco Borja Anastasio,4828.24499090567,False,Candelario Rosendo Matías,Rodrigo Salvador Graciano,14 October 1991,689,-1157.3914698286098,True
24391.98852819756,True,Ricardo Hernandez Ferrer,Emigdio Carlos Lázaro,11 May 1941,-63,5579.750098263019,True
Amando Cristóbal Fabián,14 July 1899,969,29521.341130741763,True
Diana Salcedo Montes,16 June 1943,-111,3159.388081810661,True
Ricardo Hernandez Ferrer,05 November 1888,271,20353.39272620006,False
Mario Samuel Federico,25 June 1937,-258,12893.088416578503,True
6117.9705616758365,True,Martin Oscar Rodriguez Mariles,False,Leandro Julián Alonso,22 January 1901,54,Bernardo Benjamín Vicente,15 June 1889,836,16061.994101030665,True
20374.257724629755,False,Eduardo Fernanddez Pacual,True,Noé Gervasio Vito,24 December 1919,627,Santos Cruz Adolfo,15 May 1947,210,11446.993007398407,False
Onofre Atilio Silvestre,12 December 1970,3,22513.25513021514,True
False,Sandra Vieryra Martinez,04 January 1906,722,False,Fabricio Calisto Pedro,17 October 1913,786,4079.7922360616976,False,Brian De Jesus Galvan,Fabricio Calisto Pedro,19 May 1912,-179,16815.252339679377,False
Armando Sanchez Ruiz,12 December 1909,500,10688.058698707162,True
Vito Pablo Patricio,27 November 1896,86,5807.979190226522,False
-695.25783725779,False,Artemio Quirino Cristóbal,False,Artemio Quirino Cristóbal,24 September 1987,-292,-3445.0479902349643,False,Herminio Candelario Guillermo,True,Eduardo Fernanddez Pacual,19 February 1928,950,25485.173807285006,True,Lázaro Anastasio Cosme,True,Baldomero Evaristo Noé,10 May 1939,-206,8288.132545177981,True,Faustino Galo Eladio,True,Israel Lopez Vera,28 December 1917,566,María Loreto Cruz,16 August 1942,-140,1838.7177288176463,True
True,Mario Samuel Federico,18 June 1987,323,Onofre Atilio Silvestre,07 April 1951,1,17155.982080893024,False
Marcial Ezequiel Flavio,23 January 1950,753,14757.052193860203,False
Teófilo Natalio Haroldo,02 June 1936,492,8218.35929219961,True
Adalberto Paulino Baltasar,21 February 1946,-120,11006.425108302199,False
True,María Guadalupe José,24 July 1975,265,True,Brian De Jesus Galvan,22 January 1966,686,Lázaro Anastasio Cosme,12 November 1987,632,-9382.0526011472,False
Cayetano Alfonso Lino,09 July 1890,622,20412.848922206667,True
Teodosio Luis Silvestre,25 January 1973,206,12063.458790855078,True
-3476.8662721499413,True,Guadalupe Trinidad Lupe,Onofre Atilio Silvestre,23 December 1932,-24,3711.928823963837,False
22183.126075760767,True,Francisco Galvan Diaz,-2295.590974935506,False,Olegario Severo Pedro,True,Fabricio Calisto Pedro,13 November 1896,532,Eutropio Abel Melchor,02 July 1999,274,10869.732117503536,False
Rolando Trinidad Hernando,03 June 1908,715,-6082.4759197895655,True
9727.206803411907,False,Baldomero Evaristo Noé,Eva Morales Ubario,11 July 1927,-170,21089.72159255349,True
True,María Loreto Cruz,13 February 1972,531,True,Luis Montes Martinez,26 April 1964,532,True,Cesar Espinosa Miranda,24 May 1891,473,Artemio Quirino Cristóbal,31 January 1949,30,26863.989216134898,False
Ana De la Vega Lopez,02 August 1938,959,2067.6933991971237,False
8873.95778368747,True,Herminio Candelario Guillermo,27541.198138241263,False,María Guadalupe José,Brian De Jesus Galvan,19 July 1897,675,21325.308264817842,False
True,Dimas Virgilio Ciriaco,26 June 1972,529,6240.995012900528,False,Luis Montes Martinez,8905.554549568791,False,Santos Cruz Adolfo,Vasco Borja Anastasio,29 June 1975,762,-1276.3705745617353,True
True,Melchor Jacinto Rufino,03 October 1992,687,Guadalupe Trinidad Lupe,10 July 1978,585,6883.857453458713,True
6707.782680041782,True,Eutropio Abel Melchor,Eustaquio Paulino Maximino,03 June 1910,661,-1697.4334157923768,False
True,Jose Alcides Florentino,14 February 1922,384,Ale José Cande,20 June 1949,-288,-3593.5575747379335,True
Mario Damián Cruz,19 May 1911,967,9530.319136302398,False
Teodosio Luis Silvestre,16 September 1988,-200,15212.669963757537,True
Brian De Jesus Galvan,16 September 1993,-293,13435.88009952168,True
False,Teófilo Natalio Haroldo,28 January 1917,336,Agustín Severino Raymundo,24 March 1979,184,3836.657354014693,False
Luis Montes Martinez,23 March 1941,389,9243.024366047855,False
4201.706723091036,True,Francisco Galvan Diaz,Vasco Borja Anastasio,19 October 1966,628,15235.85820629488,True
26206.943056422468,True,Adalberto Paulino Baltasar,Candelario Rosendo Matías,22 August 1902,159,27204.217525758613,True
Bernardo Benjamín Vicente,08 August 1880,999,13580.978309276885,True
True,Candelario Rosendo Matías,03 January 1904,517,-9958.249745170442,True,Santos Cruz Adolfo,-8806.68039744708,False,Teodosio Luis Silvestre,11415.252717870753,True,Araceli Becerra Constantino,728.207135844028,True,Herminio Candelario Guillermo,Herminio Candelario Guillermo,28 January 1912,836,13780.424919047393,False
-4301.890381891202,True,Santos Cruz Adolfo,Israel Lopez Vera,02 January 1955,-241,20570.12029134035,False
25367.843241718183,True,Odalis Cande Ale,-9226.671580952494,True,Brian De Jesus Galvan,Araceli Becerra Constantino,30 August 1901,-102,-2035.8173380040334,False
-5670.724033069448,False,Celso Elías Rómulo,4982.035217641849,True,Luis Montes Martinez,Rodrigo Salvador Graciano,04 January 1994,313,461.8991304054416,False
True,Sandra Vieryra Martinez,25 August 1973,371,False,Sebastian Hernandez Pedraza,18 November 1977,17,29056.046210375745,False,Aitor Elías Gabriel,True,Cayetano Alfonso Lino,28 September 1943,155,True,Hugo Fernandez de La Rosa,01 February 1898,267,5850.863003023776,False,Leandro Julián Alonso,False,Francisco Galvan Diaz,17 December 1983,134,29966.925711498538,False,Leandro Julián Alonso,Lázaro Anastasio Cosme,28 October 1993,-165,1510.3545330430097,False
-7654.097969912575,True,Martin Oscar Rodriguez Mariles,-3507.3401156459204,True,Odalis Cruz Lupe,-2168.1253413335626,True,Vito Pablo Patricio,450.20891362375914,True,Noé Gervasio Vito,False,Artemio Quirino Cristóbal,21 April 1886,-118,Amado Teodosio Ramón,02 July 1889,247,29290.83047674351,False
-7075.238125520249,False,Melchor Jacinto Rufino,True,María Guadalupe José,12 January 1962,-20,True,Guadalupe Trinidad Lupe,07 July 1940,254,15105.378314132406,True,Laura Ferrer Ruiz,18242.875700512537,False,Saúl Mario Óscar,7473.097507750605,True,María Loreto Cruz,False,Amado Teodosio Ramón,25 March 1904,296,Celso Elías Rómulo,27 November 1973,-110,24594.136645334576,False
Emigdio Carlos Lázaro,20 January 1945,277,19638.104298295668,True
True,Baldomero Evaristo Noé,28 October 1933,898,Israel Lopez Vera,31 August 1985,779,26148.538921152976,False
Adalberto Paulino Baltasar,05 June 1990,838,4424.6688509249925,True
27756.398175080903,False,Eva Morales Ubario,Sebastian Hernandez Pedraza,11 November 1924,809,-3973.375395595147,True
María Guadalupe José,25 January 1892,879,-8401.291614078147,True
Melchor Jacinto Rufino,18 November 1985,267,-5934.364044113267,True
Odalis Cruz Lupe,09 February 1891,130,582.757246093277,True
28844.945072264178,False,Noé Gervasio Vito,False,Eustaquio Paulino Maximino,11 April 1882,608,Vicente Ruiz Fernandez,20 September 1970,877,3511.4646423036884,True
Santos Cruz Adolfo,19 May 1904,83,-4597.640868999138,True
25144.688883600822,True,Sandra Vieryra Martinez,Francisco Galvan Diaz,29 September 1921,146,29565.18318361474,True
Martin Oscar Rodriguez Mariles,21 October 1978,601,29107.722429770314,True
Bernardo Benjamín Vicente,21 March 1957,-159,21295.069118749765,True
False,Adalberto Paulino Baltasar,16 February 1901,443,True,Isaac Adrián Cristian,06 October 1982,369,18662.186762604655,True,Vasco Borja Anastasio,True,Eva Morales Ubario,26 April 1932,937,Araceli Becerra Constantino,18 May 1973,295,21795.93492544743,True
-3827.0228243418414,False,Brian De Jesus Galvan,False,Olegario Severo Pedro,02 April 1939,403,False,Odalis Cruz Lupe,10 February 1914,792,True,Jose Alcides Florentino,02 March 1989,311,Rolando Trinidad Hernando,15 November 1889,604,22680.538150785076,True
6832.039470891417,True,Hugo Fernandez de La Rosa,False,Vicente Ruiz Fernandez,30 March 1962,106,Laura Ferrer Ruiz,16 November 1883,242,-4564.64710723016,False
True,Marcial Ezequiel Flavio,12 March 1907,279,23696.057157676973,True,Amando Cristóbal Fabián,3184.0000898251656,False,María Loreto Cruz,False,Agustín Severino Raymundo,02 January 1911,-209,True,Raúl Dionisio Leoncio,01 September 1916,783,Agustín Severino Raymundo,07 May 1916,-3,27509.168329064014,True
29032.18461560535,False,Guadalupe Trinidad Lupe,Luis Montes Martinez,21 April 1923,859,26141.688048720913,False
11968.9764061801,False,Cesar Espinosa Miranda,Rosa Imelda Aranda Marquez,04 February 1885,462,1574.3858126999567,True
False,Agustín Severino Raymundo,08 November 1926,594,True,Saúl Mario Óscar,27 August 1952,91,Israel Lopez Vera,19 October 1957,734,20638.166866943575,False
27282.46995025687,True,Guadalupe Montes Ruiz,True,Rodrigo Salvador Graciano,16 October 1967,115,Francisco Galvan Diaz,12 October 1880,222,8613.605756542398,True
Vito Pablo Patricio,02 February 1916,570,3248.3652877202476,False
True,Lucio Demetrio Damián,11 September 1889,588,-1682.546448926798,True,Octavio Toribio Leopoldo,Herminio Candelario Guillermo,01 September 1908,88,27401.066259290674,True
-2797.878165615107,False,Octavio Toribio Leopoldo,True,Raúl Dionisio Leoncio,22 October 1940,-170,False,Diana Salcedo Montes,06 March 1966,753,False,Cesar Espinosa Miranda,03 June 1897,-260,Vito Pablo Patricio,04 August 1973,-7,10232.182200615927,True
9161.984387961813,True,Eustaquio Paulino Maximino,Eva Morales Ubario,29 December 1922,411,10786.108249382105,False
True,Oscar Martinez Lopez,28 July 1928,-189,15353.163771828094,True,Luis Montes Martinez,True,Odalis Trinidad José,09 November 1967,380,2569.982712658393,True,Ricardo Hernandez Ferrer,False,Vasco Borja Anastasio,11 September 1999,229,2366.263766236045,False,Victor Sanchez Lopez,False,Faustino Galo Eladio,01 September 1942,-167,18974.55361976034,True,María Guadalupe José,Baldomero Evaristo Noé,28 January 1893,-103,10444.43446887832,True
False,Agustín Severino Raymundo,24 June 1924,48,5089.484191455393,True,Leandro Julián Alonso,Israel Lopez Vera,07 November 1915,363,390.0895421880796,False
Ricardo Hernandez Ferrer,02 April 1888,289,-1567.3758595147629,True
26567.989088494527,False,Israel Lopez Vera,Francisco Galvan Diaz,11 September 1942,629,19583.842731865454,True
-3299.8585859071427,True,Olegario Severo Pedro,Candelario Rosendo Matías,30 May 1891,765,-9560.588485933507,False
False,Olegario Severo Pedro,24 February 1893,-215,Isaac Adrián Cristian,19 October 1907,721,22189.48306622478,True
True,María Loreto Cruz,13 January 1970,325,12018.754763606325,False,Odalis Trinidad José,21817.795581573148,True,Diana Salcedo Montes,True,Saúl Mario Óscar,17 May 1926,-153,15305.439882071136,False,Artemio Quirino Cristóbal,True,Eutropio Abel Melchor,11 April 1883,-19,Lázaro Anastasio Cosme,23 February 1932,625,636.06106794679,True
11935.900286896536,True,Francisco Galvan Diaz,False,Graciela Salazar Guzman,03 March 1943,72,14665.681329540083,True,Onofre Atilio Silvestre,Trinidad Guadalupe Odalis,01 February 1959,-291,3057.283630077023,True
True,Dimas Virgilio Ciriaco,31 July 1917,-182,True,Adalberto Paulino Baltasar,03 June 1899,614,José Lupe Loreto,06 August 1894,610,11210.016520267694,False
8745.398967709818,True,Sebastian Hernandez Pedraza,-9574.815273406231,False,Oscar Martinez Lopez,True,Vicente Ruiz Fernandez,06 February 1944,302,True,Israel Lopez Vera,19 October 1901,408,True,Oscar Martinez Lopez,26 July 1908,-225,False,María Loreto Cruz,02 August 1944,398,True,María Guadalupe José,17 February 1969,538,False,Brian De Jesus Galvan,23 July 1933,778,Victor Sanchez Lopez,08 December 1969,771,-7292.126297918094,False
Rosa Imelda Aranda Marquez,21 May 1953,231,26066.360228185833,False
False,Mario Damián Cruz,02 February 1995,435,1215.8832704554843,False,Mario Samuel Federico,False,Bernardo Benjamín Vicente,19 December 1963,663,12948.956710908074,True,Agustín Severino Raymundo,Olegario Héctor Régulo,06 June 1969,254,24090.67767392013,True
Agustín Severino Raymundo,18 March 1966,5,-7342.188799865195,False
-4758.069044053541,True,Artemio Quirino Cristóbal,False,Guadalupe Trinidad Lupe,21 April 1984,424,287.1329235842604,True,Dimas Virgilio Ciriaco,14496.805104827698,False,Martin Oscar Rodriguez Mariles,-6141.1701062874345,True,Emigdio Carlos Lázaro,2204.232759644272,True,Herminio Candelario Guillermo,Olegario Héctor Régulo,04 April 1900,566,25741.704212400015,False
True,Raúl Dionisio Leoncio,22 October 1946,682,Onofre Atilio Silvestre,12 November 1988,49,2007.901785247408,True
-1301.2013954743688,True,Odalis Cande Ale,-4584.402246590931,False,Herminio Candelario Guillermo,Marcial Ezequiel Flavio,17 December 1913,938,3748.6045527699916,True
2728.901094984776,True,Cornelio Nicolás Clímaco,Cornelio Nicolás Clímaco,15 May 1928,-85,17787.788773179793,True
11566.090478627182,False,Ale José Cande,-8785.281175599015,True,Isaac Adrián Cristian,Olegario Héctor Régulo,19 February 1948,464,25045.116493524787,False
Brian De Jesus Galvan,05 January 1961,887,-2288.830148905139,True
False,Armando Sanchez Ruiz,08 September 1915,-103,-440.56598544093686,True,Araceli Becerra Constantino,8454.851697609887,True,Jose Alcides Florentino,10325.476894770414,False,Cesar Espinosa Miranda,2514.975283982203,True,Hugo Fernandez de La Rosa,False,Noé Gervasio Vito,02 July 1966,225,11504.732188194237,True,Ale José Cande,True,Baldomero Evaristo Noé,23 June 1943,-235,True,Noé Gervasio Vito,16 September 1886,329,True,Aitor Elías Gabriel,01 September 1933,538,Graciela Salazar Guzman,22 August 1996,152,1311.5057676135457,True
True,Faustino Galo Eladio,05 April 1929,83,False,Eva Morales Ubario,25 May 1906,-283,28175.323114309955,False,Israel Lopez Vera,False,Sebastian Hernandez Pedraza,08 December 1941,439,Bernardo Benjamín Vicente,04 February 1900,341,21055.838845719016,True
False,Rodrigo Salvador Graciano,30 June 1902,565,Diana Salcedo Montes,16 June 1893,517,-3840.4008544267444,False
-9183.717578155885,False,Vito Pablo Patricio,3159.8683576454077,False,Laura Ferrer Ruiz,19277.09878136866,False,María Loreto Cruz,Isaac Adrián Cristian,23 July 1974,301,22261.7062128012,False
14934.69055629,False,Sebastian Hernandez Pedraza,-4398.824403853409,False,Demmi Serrano Cortes,Candelario Rosendo Matías,13 June 1937,128,26981.109859536096,True
Guadalupe Montes Ruiz,21 February 1987,819,17795.174428420658,True
Onofre Atilio Silvestre,29 July 1913,738,-199.19791689336125,False
True,Francisco Galvan Diaz,13 August 1881,423,Candelario Rosendo Matías,21 April 1925,921,9835.614664773548,True
17295.41024149909,True,Sebastian Hernandez Pedraza,28767.723283820524,False,Odalis Cande Ale,True,Trinidad Guadalupe Odalis,17 August 1955,870,True,María Loreto Cruz,14 June 1911,276,Luis Montes Martinez,24 September 1960,-62,24655.731476685003,True
9693.856158889896,True,Fabricio Calisto Pedro,False,Odalis Cruz Lupe,05 February 1881,645,20621.401048070085,True,Ale José Cande,21926.93966463245,True,Lázaro Anastasio Cosme,24625.338054316337,False,Ana De la Vega Lopez,True,Cesar Espinosa Miranda,19 July 1994,736,Jose Alcides Florentino,05 December 1978,-225,18187.326033609246,True
3583.4438122269767,False,Ale José Cande,9146.481221144106,False,Victor Sanchez Lopez,False,Diana Salcedo Montes,01 July 1909,948,16395.139086667758,True,Vicente Ruiz Fernandez,Ale José Cande,13 February 1953,702,20916.559509663744,False
True,Porfirio Emigdio Aníbal,06 April 1989,948,2790.228260556989,False,Octavio Toribio Leopoldo,False,Eva Morales Ubario,31 March 1999,424,Laura Ferrer Ruiz,13 October 1968,560,309.19583122346376,True
Faustino Galo Eladio,30 December 1996,842,7427.8594113886065,True
10598.547307441862,False,Sandra Vieryra Martinez,Marcial Ezequiel Flavio,26 November 1985,516,2562.837277867742,False
7823.899451062913,False,Agustín Severino Raymundo,False,Rolando Trinidad Hernando,29 July 1923,465,True,Estefania Sanchez Diaz,18 October 1971,273,26275.05791044989,False,Hugo Fernandez de La Rosa,Araceli Becerra Constantino,15 December 1896,548,29979.678975755225,True
True,Leandro Julián Alonso,09 September 1919,64,-2437.1253337942944,True,Olegario Héctor Régulo,True,Rosa Imelda Aranda Marquez,18 June 1910,448,True,Eustaquio Paulino Maximino,05 July 1902,624,Cornelio Nicolás Clímaco,21 July 1989,611,23927.872942562455,False
False,María Loreto Cruz,14 October 1957,294,6504.894296336071,False,Adalberto Paulino Baltasar,10076.323434101356,False,Adalberto Paulino Baltasar,Hugo Fernandez de La Rosa,31 October 1948,456,16247.161746637154,False
False,Octavio Toribio Leopoldo,25 September 1893,316,14641.65405325724,True,Ricardo Hernandez Ferrer,-9839.368734296773,False,Demmi Serrano Cortes,17521.948308864474,True,Oscar Martinez Lopez,Francisco Galvan Diaz,07 March 1914,92,3202.7693803655275,False
Guadalupe Trinidad Lupe,18 April 1910,369,29534.66907041055,True
Amando Cristóbal Fabián,18 September 1961,810,29992.36110315429,True
Cesar Espinosa Miranda,27 March 1940,929,26479.33463635474,True
True,Rodrigo Salvador Graciano,02 September 1881,459,Trinidad Guadalupe Odalis,17 September 1889,-159,16423.67091254173,False
12514.707899545388,False,Noé Gervasio Vito,-5167.042168487077,False,Anacleto Rafael Cayetano,-1781.924354432229,True,Cayetano Alfonso Lino,False,Rosa Imelda Aranda Marquez,20 November 1902,722,True,Amando Cristóbal Fabián,21 March 1920,76,Onofre Atilio Silvestre,23 December 1910,504,4475.977606513336,False
-7496.814065167406,False,Porfirio Emigdio Aníbal,True,Artemio Quirino Cristóbal,28 September 1995,146,17270.853882731906,True,Noé Gervasio Vito,Jose Alcides Florentino,08 December 1966,385,18493.687483291207,False
15421.942253154546,True,Leandro Julián Alonso,False,Mario Samuel Federico,24 May 1900,976,Guadalupe Trinidad Lupe,07 June 1920,668,-7338.696229231072,True
False,Ale José Cande,01 January 1925,762,False,Diana Salcedo Montes,21 March 1969,330,25965.781531970402,False,Brian De Jesus Galvan,True,Eustaquio Paulino Maximino,09 July 1932,786,False,Brian De Jesus Galvan,03 July 1932,-116,False,Rolando Trinidad Hernando,19 March 1943,953,-715.179932286097,True,Lucio Demetrio Damián,María Guadalupe José,27 May 1974,133,12701.448803748677,False
26129.937803924673,True,Saúl Mario Óscar,15823.152944132551,True,Candelario Rosendo Matías,Onofre Atilio Silvestre,21 December 1954,801,9304.501771681087,False
False,María Loreto Cruz,19 June 1884,32,True,Candelario Rosendo Matías,14 October 1990,535,6429.110873948117,True,Vito Pablo Patricio,Eustaquio Paulino Maximino,12 October 1985,396,27389.370197481978,False
-1298.835191375254,False,Vasco Borja Anastasio,6637.419164200441,True,Sebastian Hernandez Pedraza,-336.8898803131651,False,Faustino Galo Eladio,Celso Elías Rómulo,20 November 1941,77,3959.485200121251,True
Odalis Cande Ale,11 June 1972,622,24260.962011501477,True
True,Vasco Borja Anastasio,29 March 1925,967,17005.90788359493,False,María Loreto Cruz,Santos Cruz Adolfo,29 February 1924,69,2555.7285369433375,False
False,Fabricio Calisto Pedro,19 September 1902,181,María Loreto Cruz,12 August 1990,724,-9686.374620214106,True
Marcial Ezequiel Flavio,05 June 1952,666,1407.608894149651,False
False,Vasco Borja Anastasio,08 August 1978,790,24180.03384042377,False,Vasco Borja Anastasio,False,Ricardo Hernandez Ferrer,30 December 1934,497,False,Cayetano Alfonso Lino,22 December 1917,-139,Laura Ferrer Ruiz,07 February 1986,206,9503.456267348341,True
Artemio Quirino Cristóbal,10 January 1986,791,4607.407594847949,True
María Loreto Cruz,21 December 1893,-228,-5298.066356296971,False
16050.862535009033,True,Sandra Vieryra Martinez,False,Aitor Elías Gabriel,19 February 1968,-83,-3803.6658116337785,True,Baldomero Evaristo Noé,True,Raúl Dionisio Leoncio,30 June 1999,560,False,Eduardo Fernanddez Pacual,26 February 1952,212,Faustino Galo Eladio,10 February 1951,967,2326.28137257655,True
4261.505547987152,True,Isaac Adrián Cristian,Cesar Espinosa Miranda,15 May 1948,13,15252.576503825854,False
True,Salomón Ulises Francisco,12 April 1902,726,True,Anacleto Rafael Cayetano,11 January 1924,504,19199.86755308077,False,Mario Samuel Federico,False,Israel Lopez Vera,05 March 1988,12,False,Dimas Virgilio Ciriaco,06 May 1906,454,Rosa Imelda Aranda Marquez,28 August 1941,336,10193.68687870126,False
-5129.299848431361,False,Israel Lopez Vera,Herminio Candelario Guillermo,04 March 1923,-58,8270.082154379095,True
True,Victor Sanchez Lopez,25 September 1990,-293,True,Candelario Rosendo Matías,13 July 1981,801,-533.1985576919251,False,Teófilo Natalio Haroldo,Teófilo Natalio Haroldo,06 November 1954,82,2560.3603743708227,False
Lázaro Anastasio Cosme,20 October 1996,-15,6676.194759103637,True
Rosa Imelda Aranda Marquez,06 January 1900,242,4442.746117105104,True
True,Marcial Ezequiel Flavio,22 July 1913,337,18299.003408815763,False,Eustaquio Paulino Maximino,14774.558907016231,True,Anacleto Rafael Cayetano,20764.354598695765,False,Oscar Martinez Lopez,12848.04632546359,False,Porfirio Emigdio Aníbal,True,Amado Teodosio Ramón,17 September 1935,358,1322.1779995709821,True,Estefania Sanchez Diaz,False,Eva Morales Ubario,29 November 1893,61,Lázaro Anastasio Cosme,22 March 1922,139,29465.867438581306,False
27212.139177303703,True,Graciela Salazar Guzman,False,Ricardo Hernandez Ferrer,27 September 1987,949,True,Herminio Candelario Guillermo,04 April 1970,261,-7119.868880256388,False,Anacleto Rafael Cayetano,True,Isaac Adrián Cristian,19 October 1952,606,False,Odalis Trinidad José,29 May 1946,-281,14035.807900113232,False,Aitor Elías Gabriel,False,Ale José Cande,09 January 1891,-294,False,Trinidad Guadalupe Odalis,16 April 1904,111,Ricardo Hernandez Ferrer,13 August 1893,-74,-4110.319836651399,False
28127.921583919073,False,Hugo Fernandez de La Rosa,17474.76644555593,False,Candelario Rosendo Matías,Agustín Severino Raymundo,16 October 1906,815,7284.29062112984,True
False,Melchor Jacinto Rufino,27 April 1996,-117,False,Demmi Serrano Cortes,19 April 1885,768,13635.989376656387,True,Leandro Julián Alonso,Guadalupe Trinidad Lupe,18 December 1939,363,12464.528503487356,False
María Loreto Cruz,19 May 1945,117,-8763.233154246058,False
False,Francisco Galvan Diaz,25 December 1926,-132,Cayetano Alfonso Lino,12 July 1962,223,15766.803236800995,False
True,Hugo Fernandez de La Rosa,05 September 1940,746,-1305.3679633307129,True,Eustaquio Paulino Maximino,Jose Alcides Florentino,28 February 1968,541,-7528.371719839311,False
Eva Morales Ubario,24 June 1953,-250,17418.15109605823,True
Porfirio Emigdio Aníbal,23 October 1947,504,1287.2739036128514,False
8633.632263977113,True,Bernardo Benjamín Vicente,16161.932900175434,False,Aitor Elías Gabriel,Rolando Trinidad Hernando,08 November 1885,549,-7194.499459091301,True
Raúl Dionisio Leoncio,03 December 1951,734,-6542.450593038431,False
14258.123230090023,True,Graciela Salazar Guzman,Cayetano Alfonso Lino,09 May 1989,599,3715.147686372009,True
-7260.956390434461,False,Lázaro Anastasio Cosme,True,Raúl Dionisio Leoncio,28 September 1993,271,-5515.552715164693,True,Saúl Mario Óscar,True,Celso Elías Rómulo,11 June 1892,39,-6152.876949961121,False,Marcial Ezequiel Flavio,13235.889643810624,False,Celso Elías Rómulo,María Guadalupe José,03 September 1995,808,2843.7382192863843,True
24076.706027234017,True,Fabricio Calisto Pedro,12138.060988469198,False,Ale José Cande,243.2214325195182,True,Mario Samuel Federico,True,Santos Cruz Adolfo,12 March 1983,796,Vicente Ruiz Fernandez,03 November 1931,1,-9763.634909780734,False
Odalis Cande Ale,18 November 1908,-87,14516.995315516582,True
2633.1984142195797,True,José Lupe Loreto,-3212.700922027274,True,Vito Pablo Patricio,15579.280943464517,False,Cornelio Nicolás Clímaco,Brian De Jesus Galvan,07 March 1928,769,25705.72189292746,False
7152.216639905058,False,Rolando Trinidad Hernando,2923.947456594926,False,Lucio Demetrio Damián,Melchor Jacinto Rufino,23 November 1903,430,646.4051506292271,True
17759.380768708364,True,Oscar Martinez Lopez,True,Odalis Cande Ale,26 February 1903,500,-9016.337902213394,True,Araceli Becerra Constantino,True,Graciela Salazar Guzman,30 August 1950,997,18470.361016912913,True,Cornelio Nicolás Clímaco,Oscar Martinez Lopez,06 July 1956,623,24021.18838945884,False
Eustaquio Paulino Maximino,27 May 1983,-200,29164.704549144502,False
Hugo Fernandez de La Rosa,13 November 1889,618,-8367.978082115358,False
False,Mario Samuel Federico,12 July 1997,725,18097.787645734068,True,Israel Lopez Vera,True,Isaac Adrián Cristian,30 November 1960,980,True,Sebastian Hernandez Pedraza,08 January 1955,646,False,Faustino Galo Eladio,06 September 1951,573,17499.96243669052,True,Vito Pablo Patricio,9371.831862456136,False,Baldomero Evaristo Noé,10648.056583425456,True,Candelario Rosendo Matías,False,Salomón Ulises Francisco,23 November 1881,423,Aitor Elías Gabriel,13 September 1943,76,23659.676876131125,False
-2903.598273286776,False,Isaac Adrián Cristian,-8835.998843254863,True,Teófilo Natalio Haroldo,Rodrigo Salvador Graciano,10 January 1994,852,465.4776091660606,False
8202.553423623925,False,Laura Ferrer Ruiz,True,Sebastian Hernandez Pedraza,31 December 1884,269,-6699.639488801803,False,Graciela Salazar Guzman,Olegario Héctor Régulo,15 September 1916,790,22880.059271802813,False
False,Aitor Elías Gabriel,09 January 1913,-43,True,Guadalupe Trinidad Lupe,20 August 1964,188,670.056670865597,True,Teodosio Luis Silvestre,19740.305326709895,False,Vito Pablo Patricio,Hugo Fernandez de La Rosa,02 August 1893,384,-4892.484527730967,True
15306.74255327204,True,Vicente Ruiz Fernandez,Santos Cruz Adolfo,16 December 1913,-65,29491.670932415225,True
Candelario Rosendo Matías,07 July 1889,608,25835.63734714769,False
True,Francisco Galvan Diaz,08 September 1920,330,True,Adalberto Paulino Baltasar,14 February 1928,-262,10917.229198147066,False,Mario Damián Cruz,-2542.9762630846444,False,Mario Damián Cruz,True,Baldomero Evaristo Noé,05 September 1993,285,Bernardo Benjamín Vicente,15 July 1907,7,12418.613675475819,False
María Loreto Cruz,24 September 1931,395,26116.38421942229,False
Martin Oscar Rodriguez Mariles,02 May 1937,689,-4385.1283678525115,True
17532.892360746497,True,Estefania Sanchez Diaz,Rodrigo Salvador Graciano,03 April 1902,263,17274.207176694843,False
False,Teófilo Natalio Haroldo,15 January 1926,391,Porfirio Emigdio Aníbal,21 April 1955,460,27179.166776257305,False
False,Herminio Candelario Guillermo,22 April 1943,883,6294.41414771732,True,Eva Morales Ubario,False,Dimas Virgilio Ciriaco,08 April 1940,224,False,Bernardo Benjamín Vicente,14 September 1932,-160,24298.7607118187,True,Olegario Severo Pedro,False,Agustín Severino Raymundo,03 March 1945,979,True,Adalberto Paulino Baltasar,23 March 1898,172,True,Herminio Candelario Guillermo,30 April 1964,885,False,Vicente Ruiz Fernandez,26 February 1885,57,18813.975837180926,False,Leandro Julián Alonso,True,Eustaquio Paulino Maximino,27 May 1907,898,Mario Samuel Federico,27 January 1964,99,-4696.182250761915,False
9784.272625022772,True,Eutropio Abel Melchor,23987.39687792612,True,Raúl Dionisio Leoncio,-6963.62816634569,False,Marcial Ezequiel Flavio,False,José Lupe Loreto,16 December 1911,206,False,Agustín Severino Raymundo,28 February 1936,973,4596.357272732905,True,María Loreto Cruz,6842.98203023506,False,Vasco Borja Anastasio,María Guadalupe José,26 December 1954,323,29194.49831048108,True
Martin Oscar Rodriguez Mariles,27 November 1889,962,-3979.4963210992582,True
27247.122436351514,False,Salomón Ulises Francisco,Armando Sanchez Ruiz,26 November 1910,-171,9600.693368651995,True
False,Brian De Jesus Galvan,08 February 1955,-112,False,Lázaro Anastasio Cosme,11 April 1989,-101,False,Lucio Demetrio Damián,07 April 1970,666,Trinidad Guadalupe Odalis,22 August 1956,795,21849.25045887769,False
Faustino Galo Eladio,01 July 1953,-143,-2485.423302617207,True
8624.621350452137,True,José Lupe Loreto,21857.00257424462,False,Eutropio Abel Melchor,Eva Morales Ubario,26 November 1983,372,13744.766096139265,False
Octavio Toribio Leopoldo,19 January 1964,25,-1931.0238728217137,True
True,Odalis Trinidad José,13 September 1908,-14,12350.237692140585,True,Olegario Héctor Régulo,False,Celso Elías Rómulo,18 March 1966,393,False,Melchor Jacinto Rufino,29 January 1970,652,-7365.108230845112,False,Dimas Virgilio Ciriaco,Aitor Elías Gabriel,13 February 1939,-237,-6817.934714019964,True
Mario Damián Cruz,31 August 1984,400,3278.1495745893935,False
7188.977979129719,True,Mario Damián Cruz,True,Odalis Cande Ale,08 June 1922,-43,True,Martin Oscar Rodriguez Mariles,01 January 1952,132,Olegario Héctor Régulo,14 February 1971,-193,13315.162451141186,True
Cesar Espinosa Miranda,23 March 1942,-165,20088.821748858252,True
Rosa Imelda Aranda Marquez,08 January 1937,614,-2465.4361471696175,True
-6919.522371096414,False,Rosa Imelda Aranda Marquez,21546.68153051574,True,María Guadalupe José,María Guadalupe José,03 April 1911,576,11501.64334408606,False
5514.951856893102,False,Rodrigo Salvador Graciano,Marcial Ezequiel Flavio,25 February 1918,787,4621.000211473798,True
True,Odalis Cruz Lupe,07 April 1987,-153,False,Ana De la Vega Lopez,27 August 1940,-91,Vito Pablo Patricio,08 January 1890,61,-7452.151181244044,True
Amando Cristóbal Fabián,04 March 1919,717,-1172.7110137558047,False
Cesar Espinosa Miranda,18 July 1934,93,3685.7690373895166,False
-9062.662146297758,True,Eutropio Abel Melchor,Artemio Quirino Cristóbal,12 August 1967,441,1988.5492095307818,True
True,Francisco Galvan Diaz,13 July 1984,749,False,Vito Pablo Patricio,23 July 1887,516,29562.664083775388,False,Lucio Demetrio Damián,Melchor Jacinto Rufino,05 March 1894,-81,16610.575487470483,False
-6678.173082941181,True,María Loreto Cruz,Eustaquio Paulino Maximino,13 June 1899,154,2218.1194237987074,False
True,Aitor Elías Gabriel,02 September 1996,548,False,Agustín Severino Raymundo,01 March 1919,-185,False,Eduardo Fernanddez Pacual,19 August 1892,428,False,Demmi Serrano Cortes,13 November 1946,-165,15663.929619701605,True,María Loreto Cruz,True,Oscar Martinez Lopez,24 September 1992,733,22581.5225480671,True,Israel Lopez Vera,7433.202205136262,True,Vicente Ruiz Fernandez,20202.90088063984,True,Amando Cristóbal Fabián,True,Mario Damián Cruz,05 March 1934,-146,-6806.782913002004,True,Olegario Severo Pedro,Vito Pablo Patricio,18 May 1951,149,18139.560981880244,True
Herminio Candelario Guillermo,01 December 1934,925,11480.452063352881,False
False,Faustino Galo Eladio,03 November 1930,102,4776.392632508543,True,Estefania Sanchez Diaz,1231.1822402284324,True,Aitor Elías Gabriel,True,Celso Elías Rómulo,05 September 1920,-242,3397.047721126153,False,Victor Sanchez Lopez,False,Saúl Mario Óscar,03 September 1993,942,Odalis Cruz Lupe,07 March 1977,180,17923.614941606244,False
María Guadalupe José,17 April 1940,34,1790.9484329330735,False
True,Olegario Severo Pedro,18 December 1891,-207,True,Ana De la Vega Lopez,27 July 1916,925,Rodrigo Salvador Graciano,02 August 1897,774,4537.716201671577,True
Noé Gervasio Vito,27 April 2000,335,28887.00725970356,False
True,Teófilo Natalio Haroldo,17 February 1964,-142,María Loreto Cruz,18 May 1954,872,3480.317446651223,True
False,Porfirio Emigdio Aníbal,05 May 1929,739,Rolando Trinidad Hernando,14 April 1887,414,-5243.126001071747,True
True,Jose Alcides Florentino,13 July 1960,861,10788.710086226027,True,Ricardo Hernandez Ferrer,María Loreto Cruz,28 June 1937,109,6542.268029070572,True
False,Faustino Galo Eladio,12 March 1924,102,Martin Oscar Rodriguez Mariles,10 December 1886,506,16881.970546274162,True
Martin Oscar Rodriguez Mariles,26 March 1956,681,-1322.446300513191,True
False,Teófilo Natalio Haroldo,30 October 1926,-123,Adalberto Paulino Baltasar,30 August 1904,679,-6505.225255561458,False
False,Ale José Cande,23 March 1989,588,False,María Loreto Cruz,20 August 1909,855,Luis Montes Martinez,25 July 1925,998,26648.2514774093,True
18952.716523609568,False,Mario Damián Cruz,False,Baldomero Evaristo Noé,03 January 1937,442,Demmi Serrano Cortes,27 December 1931,283,-5958.951538777488,True
True,Teodosio Luis Silvestre,24 April 1884,434,True,Olegario Héctor Régulo,13 April 1885,-126,10598.896504662142,False,Eustaquio Paulino Maximino,False,Olegario Héctor Régulo,28 September 1994,-283,Martin Oscar Rodriguez Mariles,19 December 1889,-13,15692.735886813072,False
Marcial Ezequiel Flavio,10 August 1994,649,2206.7192529160857,True
Teófilo Natalio Haroldo,15 June 1998,983,10398.062091314674,True
True,Brian De Jesus Galvan,12 December 1950,309,1134.5367123845572,True,Isaac Adrián Cristian,22924.430123049482,False,Marcial Ezequiel Flavio,True,Guadalupe Trinidad Lupe,24 May 1928,310,False,Rodrigo Salvador Graciano,01 April 1888,-77,True,Martin Oscar Rodriguez Mariles,01 June 1979,-14,False,Olegario Héctor Régulo,19 October 1945,355,Baldomero Evaristo Noé,23 July 1992,-147,-1495.3655576285837,True
False,Armando Sanchez Ruiz,03 June 1901,426,-9533.07797881591,True,Mario Samuel Federico,Sebastian Hernandez Pedraza,24 August 1963,428,-6560.596211994869,True
Noé Gervasio Vito,02 October 1933,421,24181.331886859356,True
-1483.6354924799125,True,María Loreto Cruz,False,Octavio Toribio Leopoldo,13 August 1934,-122,13605.085332331397,True,Olegario Severo Pedro,5642.602310100581,True,Noé Gervasio Vito,True,Lucio Demetrio Damián,29 November 1983,-177,True,Armando Sanchez Ruiz,20 December 1992,373,-460.70887431200754,False,Vasco Borja Anastasio,False,Saúl Mario Óscar,20 September 1920,674,Odalis Cruz Lupe,06 November 1922,960,6265.203720728923,True
Marcial Ezequiel Flavio,11 June 1938,72,20549.980932873987,True
801.7802906968809,True,Oscar Martinez Lopez,15691.694782310075,True,Rolando Trinidad Hernando,-1913.2174808009013,False,Artemio Quirino Cristóbal,Herminio Candelario Guillermo,12 September 1909,457,-9819.82002220808,False
Teodosio Luis Silvestre,19 January 1927,75,13978.363088058482,False
Emigdio Carlos Lázaro,25 June 1886,945,29083.37410285481,True
26809.858045533132,True,Sandra Vieryra Martinez,Eutropio Abel Melchor,25 November 1904,-134,23320.385750647518,True
True,Salomón Ulises Francisco,08 September 1933,-61,Rodrigo Salvador Graciano,23 February 1971,463,19409.261562699736,True
Faustino Galo Eladio,30 November 1923,-45,10894.325086150264,True
23936.146906949405,True,Raúl Dionisio Leoncio,21167.309727449065,False,Fabricio Calisto Pedro,False,Dimas Virgilio Ciriaco,19 October 1924,-112,Agustín Severino Raymundo,23 November 1934,281,9882.979393454436,True
5523.563464958095,True,Porfirio Emigdio Aníbal,True,Laura Ferrer Ruiz,20 June 1999,-111,True,Vasco Borja Anastasio,08 March 1902,527,Teófilo Natalio Haroldo,15 August 1968,838,22559.4602778643,True
True,Onofre Atilio Silvestre,29 January 1923,934,Teodosio Luis Silvestre,24 June 1945,114,-7111.319592593417,True
False,Aitor Elías Gabriel,24 June 1999,898,True,Luis Montes Martinez,28 March 1909,113,8960.596142232665,True,Hugo Fernandez de La Rosa,True,Luis Montes Martinez,02 January 1909,673,9008.523433633967,False,Jose Alcides Florentino,True,Anacleto Rafael Cayetano,06 December 1993,-133,Porfirio Emigdio Aníbal,04 January 1948,23,13179.481488337431,False
False,Baldomero Evaristo Noé,09 August 1969,-150,Saúl Mario Óscar,09 February 1937,66,18802.649978820453,False
-5608.716412922697,False,Hugo Fernandez de La Rosa,False,Lucio Demetrio Damián,03 April 1905,-127,False,Emigdio Carlos Lázaro,10 June 1941,481,3603.0859863673686,True,Dimas Virgilio Ciriaco,False,Vasco Borja Anastasio,22 June 1913,568,Mario Damián Cruz,06 September 1887,259,5454.01267744968,False
True,Bernardo Benjamín Vicente,16 May 1994,915,False,Rolando Trinidad Hernando,11 November 1938,712,True,Odalis Trinidad José,25 March 1886,846,13410.633810622337,True,Brian De Jesus Galvan,True,Martin Oscar Rodriguez Mariles,07 February 1954,141,9005.115632285582,False,Sandra Vieryra Martinez,Candelario Rosendo Matías,14 September 1962,780,-2303.4897710766836,False
-4953.314925129351,True,Vicente Ruiz Fernandez,Diana Salcedo Montes,05 October 1904,547,26997.841211609506,False
28335.942407375005,True,Bernardo Benjamín Vicente,Vicente Ruiz Fernandez,21 June 1955,367,-3402.84434516128,True
True,Sandra Vieryra Martinez,20 October 1915,84,-6445.592118669854,True,Eduardo Fernanddez Pacual,True,Aitor Elías Gabriel,14 February 1984,257,True,Saúl Mario Óscar,25 May 1959,-174,False,Armando Sanchez Ruiz,22 October 1930,259,Guadalupe Montes Ruiz,09 November 1962,379,28716.587889747418,True
18796.035647090055,True,Lázaro Anastasio Cosme,Lázaro Anastasio Cosme,10 December 1924,719,23049.406057366963,True
False,Lázaro Anastasio Cosme,20 November 1903,908,True,Baldomero Evaristo Noé,15 November 1899,445,True,Ale José Cande,26 January 1923,110,Oscar Martinez Lopez,26 May 1931,-158,29158.17611021561,True
True,Dimas Virgilio Ciriaco,31 July 1995,112,Diana Salcedo Montes,10 December 1962,-152,23983.03581769402,False
True,Araceli Becerra Constantino,22 April 1955,-1,True,Lucio Demetrio Damián,02 May 1942,966,Cayetano Alfonso Lino,04 November 1934,10,24407.872392868252,True
Saúl Mario Óscar,16 April 1905,248,4328.699274001285,True
Estefania Sanchez Diaz,19 May 1947,589,28802.748373170245,True
False,Sebastian Hernandez Pedraza,03 February 1914,148,Saúl Mario Óscar,01 February 1885,857,-8218.053845630124,False
Herminio Candelario Guillermo,23 December 1924,584,24245.232028028957,False
True,Lucio Demetrio Damián,15 December 1955,174,Dimas Virgilio Ciriaco,26 February 1888,-29,13330.945696597839,False
18679.754740417116,False,Demmi Serrano Cortes,Cayetano Alfonso Lino,03 June 1981,-242,16091.40663837345,True
-3694.309014328923,False,Celso Elías Rómulo,3742.849911829937,False,Brian De Jesus Galvan,Dimas Virgilio Ciriaco,05 April 1970,326,-3711.9692579538423,False
Odalis Cruz Lupe,28 June 1971,939,15116.345107415294,True
False,Sandra Vieryra Martinez,14 August 1996,362,7723.1768162831795,False,Vasco Borja Anastasio,802.4869167429079,False,Odalis Cande Ale,2197.1480079255725,False,María Guadalupe José,True,Odalis Trinidad José,20 January 1962,241,True,Onofre Atilio Silvestre,15 November 1936,398,False,Graciela Salazar Guzman,26 January 1885,139,Olegario Severo Pedro,14 August 1926,533,-4466.555661699596,True
True,Rodrigo Salvador Graciano,27 October 1928,913,True,Diana Salcedo Montes,15 November 1960,522,Noé Gervasio Vito,02 July 1977,-40,-4801.046062077999,True
True,Luis Montes Martinez,28 July 1901,299,False,Emigdio Carlos Lázaro,25 July 1939,922,16310.788477980248,True,Francisco Galvan Diaz,13336.415363664757,True,Leandro Julián Alonso,True,Trinidad Guadalupe Odalis,17 December 1898,431,Cesar Espinosa Miranda,15 December 1942,-109,1201.1485833745628,True
10710.93541068057,False,Vicente Ruiz Fernandez,False,Dimas Virgilio Ciriaco,10 July 1993,444,8240.91526945974,False,Olegario Severo Pedro,Vasco Borja Anastasio,18 January 1993,-154,9710.113612958638,True
Vito Pablo Patricio,16 April 1934,568,20983.74417583082,True
16037.664396892946,False,Leandro Julián Alonso,23246.02148881169,False,Francisco Galvan Diaz,Raúl Dionisio Leoncio,11 April 1909,-174,20789.375535848172,False
9547.567724635977,True,Isaac Adrián Cristian,Aitor Elías Gabriel,04 December 1942,976,-9158.483238099894,True
25981.96134752345,True,Vasco Borja Anastasio,True,Adalberto Paulino Baltasar,26 July 1990,373,María Loreto Cruz,25 October 1949,865,29991.872781577345,False
Noé Gervasio Vito,01 February 1975,-300,-3330.9922971338856,False
False,Diana Salcedo Montes,06 March 1883,244,True,José Lupe Loreto,25 January 1973,72,True,Celso Elías Rómulo,27 August 1973,886,Celso Elías Rómulo,07 September 1933,430,8214.893488040048,True
9120.309832372855,True,Israel Lopez Vera,Melchor Jacinto Rufino,23 February 1911,281,10594.588100926248,False
Baldomero Evaristo Noé,18 August 1953,564,29729.49394603196,True
False,José Lupe Loreto,07 April 1943,995,Emigdio Carlos Lázaro,19 September 1966,903,19134.516267292554,False
María Loreto Cruz,23 November 1930,58,12182.322021942622,False
20469.337010746152,True,Teófilo Natalio Haroldo,False,Lucio Demetrio Damián,17 August 1903,292,Laura Ferrer Ruiz,12 May 1955,698,29892.676371931622,True
False,Eva Morales Ubario,13 January 1956,-198,6894.658798400691,True,Herminio Candelario Guillermo,True,Amado Teodosio Ramón,15 April 1910,800,False,Santos Cruz Adolfo,19 June 1950,327,8607.193074275954,True,Brian De Jesus Galvan,Porfirio Emigdio Aníbal,18 April 1897,288,15882.587567894494,False
Onofre Atilio Silvestre,29 September 1902,950,6810.835728737828,False
2686.5882517512327,True,Odalis Cruz Lupe,Rolando Trinidad Hernando,08 December 1923,102,25649.887391240103,True
-275.56684524370576,False,Fabricio Calisto Pedro,True,Teófilo Natalio Haroldo,05 September 1923,639,True,Ana De la Vega Lopez,16 November 1974,-181,10311.133967226535,True,Artemio Quirino Cristóbal,Victor Sanchez Lopez,08 June 1951,-132,-4595.80281028674,False
26181.98687578382,True,Cayetano Alfonso Lino,True,María Guadalupe José,19 November 1917,-21,False,Ale José Cande,29 April 1927,133,María Loreto Cruz,04 March 1976,811,17785.612145337484,True
18632.861857866872,True,Graciela Salazar Guzman,Mario Samuel Federico,16 June 1964,-242,-5651.756621636475,False
-9894.610164203414,True,Adalberto Paulino Baltasar,Melchor Jacinto Rufino,28 January 1942,903,-4171.916459125345,True
-9503.129568421853,False,Jose Alcides Florentino,Martin Oscar Rodriguez Mariles,12 March 1920,838,8065.252048036782,True
José Lupe Loreto,29 December 1962,980,16027.670128957678,False
Rolando Trinidad Hernando,07 September 1965,-91,-5094.927023995295,True
Martin Oscar Rodriguez Mariles,10 April 1950,259,-9.16173177703422,False
5466.155883952841,False,Anacleto Rafael Cayetano,True,Ale José Cande,19 June 1922,-21,False,Isaac Adrián Cristian,14 May 1896,490,True,Ale José Cande,13 December 1896,702,22988.311144855696,True,Porfirio Emigdio Aníbal,True,Trinidad Guadalupe Odalis,01 June 1928,178,Mario Damián Cruz,13 April 1980,705,117.99676761634146,False
Jose Alcides Florentino,12 January 1976,-156,-6958.640347367533,False
14526.708692107972,False,Baldomero Evaristo Noé,18816.216073256568,True,Eduardo Fernanddez Pacual,Salomón Ulises Francisco,07 September 1953,-268,28979.623649879482,False
Aitor Elías Gabriel,21 June 1918,855,-207.11624586359903,True
Santos Cruz Adolfo,20 January 1890,878,23468.627640109728,True
María Loreto Cruz,08 April 1883,962,23508.825279602934,False
False,Leandro Julián Alonso,03 September 1896,833,False,Mario Samuel Federico,20 March 1926,848,True,María Loreto Cruz,02 January 1925,503,13772.061841599647,True,Cesar Espinosa Miranda,False,Ale José Cande,12 March 1990,76,True,Eva Morales Ubario,08 June 1950,786,True,Eva Morales Ubario,15 November 1898,385,Teófilo Natalio Haroldo,12 July 1882,591,16183.08904574869,False
María Loreto Cruz,04 March 1984,-99,-1485.7694328979505,False
5497.161339176699,False,María Loreto Cruz,True,Salomón Ulises Francisco,01 July 1881,5,Teófilo Natalio Haroldo,25 December 1947,483,12102.583882329913,True
-4631.315434356433,False,Onofre Atilio Silvestre,José Lupe Loreto,08 November 1972,488,-2738.7017117302557,False
Diana Salcedo Montes,12 September 1954,85,-9200.925059471552,False
False,Vito Pablo Patricio,27 November 1883,491,True,Trinidad Guadalupe Odalis,15 August 1916,385,Eduardo Fernanddez Pacual,15 November 1991,514,-2481.93771302172,False
True,Emigdio Carlos Lázaro,31 March 1952,435,True,Martin Oscar Rodriguez Mariles,15 January 1888,269,Herminio Candelario Guillermo,30 June 1991,998,-6871.001602028057,False
Anacleto Rafael Cayetano,06 October 2000,655,13582.646141748002,True
False,Odalis Cruz Lupe,26 September 1980,949,María Loreto Cruz,14 March 1901,164,19337.021239440724,False
-697.1546269718001,True,Guadalupe Trinidad Lupe,False,Luis Montes Martinez,28 October 1920,560,True,Laura Ferrer Ruiz,03 September 1950,235,9195.219385075598,True,Odalis Cande Ale,Agustín Severino Raymundo,03 June 1893,6,9706.688316339463,False
False,Octavio Toribio Leopoldo,27 April 1934,-194,False,Olegario Severo Pedro,09 March 1970,89,False,Rosa Imelda Aranda Marquez,17 April 1950,702,Noé Gervasio Vito,27 December 1939,704,24849.453283909927,False
False,Isaac Adrián Cristian,18 December 1912,-164,Fabricio Calisto Pedro,26 February 1881,-128,196.19423850436579,True
False,Victor Sanchez Lopez,26 November 1901,-245,-2248.20671288827,False,Ricardo Hernandez Ferrer,12600.474121394556,False,María Loreto Cruz,2987.3745993058437,False,Amado Teodosio Ramón,22029.514868789407,True,Luis Montes Martinez,True,María Loreto Cruz,02 April 1882,639,Israel Lopez Vera,11 June 1991,473,13916.24819093027,True
5601.997185557237,False,Odalis Cruz Lupe,1726.761739221989,True,Odalis Trinidad José,False,Francisco Galvan Diaz,13 January 1957,105,-6160.552626338349,True,Agustín Severino Raymundo,False,Saúl Mario Óscar,03 May 1976,-290,-4300.236930525507,False,Faustino Galo Eladio,24076.298410076924,True,Eustaquio Paulino Maximino,44.988495660907574,True,Demmi Serrano Cortes,Melchor Jacinto Rufino,02 November 1883,919,21945.723853296942,True
True,Rodrigo Salvador Graciano,25 May 1953,673,False,Teodosio Luis Silvestre,18 January 1985,788,11739.033151426152,True,Martin Oscar Rodriguez Mariles,1791.41103040473,False,Trinidad Guadalupe Odalis,3489.127899620298,True,Octavio Toribio Leopoldo,True,Agustín Severino Raymundo,08 October 1905,-100,26536.95343236572,False,Mario Samuel Federico,False,Graciela Salazar Guzman,30 March 1938,126,26538.115919149022,True,Cornelio Nicolás Clímaco,-8627.844131046199,True,Salomón Ulises Francisco,1592.6866891817372,True,Aitor Elías Gabriel,True,Sebastian Hernandez Pedraza,30 June 1903,838,27675.21637892477,False,Trinidad Guadalupe Odalis,-5873.940172891099,False,Aitor Elías Gabriel,6270.555361000701,False,Demmi Serrano Cortes,Teodosio Luis Silvestre,29 June 1913,460,3196.4503431345784,False
False,Herminio Candelario Guillermo,25 January 1962,609,Odalis Trinidad José,21 December 1982,162,1652.0411151353637,True
8674.593011950394,False,Francisco Galvan Diaz,-6056.811402787644,True,Celso Elías Rómulo,María Loreto Cruz,08 October 1963,702,-5044.922333847919,False
19953.465732036868,False,Oscar Martinez Lopez,Rosa Imelda Aranda Marquez,08 June 1961,875,19812.83998295855,True
-8701.08018578783,True,María Loreto Cruz,16196.72415672777,False,Martin Oscar Rodriguez Mariles,Eduardo Fernanddez Pacual,16 March 1995,324,7160.918739920904,False
15959.886323650218,False,Amando Cristóbal Fabián,-8781.077872779082,True,Fabricio Calisto Pedro,True,Lázaro Anastasio Cosme,04 December 1998,363,True,Ale José Cande,12 October 1960,-283,Marcial Ezequiel Flavio,25 July 1970,155,-6474.205744400639,True
Victor Sanchez Lopez,09 May 1963,248,8130.597988751208,False
True,Isaac Adrián Cristian,21 May 1975,122,19574.490474591326,True,Mario Damián Cruz,11019.71296336007,True,Odalis Trinidad José,Eustaquio Paulino Maximino,16 March 1910,116,26537.747142528373,False
María Loreto Cruz,14 August 1931,586,-6910.8555188102055,False
Cayetano Alfonso Lino,05 October 1909,410,-7605.464002687979,False
Onofre Atilio Silvestre,05 June 1935,324,22473.967084834134,False
Lázaro Anastasio Cosme,18 July 1979,-187,25124.247688209012,True
Olegario Severo Pedro,29 January 1940,899,1379.361227955238,True
Cornelio Nicolás Clímaco,12 September 1887,-154,-9234.293537209556,True
Odalis Cruz Lupe,16 June 1999,541,-6799.463173985281,True
Laura Ferrer Ruiz,18 February 1967,470,15961.992258509435,False
True,Raúl Dionisio Leoncio,08 November 1945,-252,Rodrigo Salvador Graciano,04 February 1955,464,16449.144378054843,False
Noé Gervasio Vito,12 February 1933,-141,13891.065447479254,None
Demmiñ Serrano Cortés,10 April 1909,481,19148.317755906948,False
-7032.564688744616,False,Francisco Galvan Diaz,Olegario Héctor Régulo,15 August 1982,261,17217.05579231831,True
False,Guadalupe Trinidad Lupe,03 July 1905,163,False,Odalis Cande Ale,12 July 1953,660,True,Ale José Cande,26 December 1953,-48,